step,loss,mean_reward,mean_quality,mean_cost_usd,mean_w_q,mean_w_c,policy_entropy_nats,val_quality,val_cost_usd,val_action_entropy_bits
1,-0.02725580334663391,0.17853599786758423,0.6318359375,0.002726934850215912,0.5052911639213562,0.4947088956832886,2.395157814025879,nan,nan,nan
2,-0.035692453384399414,0.21083343029022217,0.6279296875,0.0017348640831187367,0.5305608510971069,0.4694390892982483,2.3927292823791504,nan,nan,nan
3,-0.03946122154593468,0.1553976833820343,0.5810546875,0.001938303466886282,0.493574857711792,0.506425142288208,2.387118339538574,nan,nan,nan
4,-0.05056162178516388,0.194749653339386,0.6142578125,0.0019995581824332476,0.49641692638397217,0.5035830736160278,2.379495143890381,nan,nan,nan
5,-0.052937693893909454,0.22874414920806885,0.638671875,0.0016956448089331388,0.5035486221313477,0.49645140767097473,2.369785785675049,nan,nan,nan
6,-0.059739720076322556,0.23459672927856445,0.6830077767372131,0.0015043289167806506,0.5075566172599792,0.4924434423446655,2.356997489929199,nan,nan,nan
7,-0.05197013542056084,0.21172335743904114,0.6328125,0.0014544902369379997,0.4791836142539978,0.5208163857460022,2.342127799987793,nan,nan,nan
8,-0.05241333693265915,0.2366657853126526,0.5874999761581421,0.0011657446157187223,0.5072997808456421,0.4927002489566803,2.3254265785217285,nan,nan,nan
9,-0.061877984553575516,0.24046480655670166,0.6171875,0.0013949223794043064,0.5162708163261414,0.48372918367385864,2.3065593242645264,nan,nan,nan
10,-0.08731412887573242,0.2940891683101654,0.6744140386581421,0.00118128745816648,0.5237429141998291,0.4762570559978485,2.2844197750091553,nan,nan,nan
11,-0.06435862183570862,0.22789576649665833,0.5986328125,0.0012282889802008867,0.49374210834503174,0.5062578916549683,2.2605512142181396,nan,nan,nan
12,-0.08374524116516113,0.27190524339675903,0.6484375,0.0010735199321061373,0.5058361887931824,0.4941638112068176,2.2314794063568115,nan,nan,nan
13,-0.03983594477176666,0.2617678642272949,0.59765625,0.0008304499788209796,0.5001656413078308,0.4998343586921692,2.1997716426849365,nan,nan,nan
14,-0.07300518453121185,0.2412194311618805,0.587890625,0.0008246203069575131,0.5010949373245239,0.4989050626754761,2.1671268939971924,nan,nan,nan
15,-0.07957158982753754,0.29093998670578003,0.6484375,0.0009134476422332227,0.5128682851791382,0.4871317446231842,2.128852128982544,nan,nan,nan
16,-0.05575786530971527,0.26818329095840454,0.66796875,0.0006596589810214937,0.4776758551597595,0.5223241448402405,2.0870039463043213,nan,nan,nan
17,-0.0892341285943985,0.24222958087921143,0.619140625,0.0008125323802232742,0.4936891198158264,0.5063108801841736,2.0386886596679688,nan,nan,nan
18,-0.050264760851860046,0.27874991297721863,0.642578125,0.0006787480087950826,0.47803324460983276,0.521966814994812,1.9850916862487793,nan,nan,nan
19,-0.04958096891641617,0.2740267813205719,0.6572265625,0.0007159972446970642,0.4848518371582031,0.5151481628417969,1.9228137731552124,nan,nan,nan
20,-0.09892081469297409,0.29221194982528687,0.6556640863418579,0.0006489616935141385,0.5009317398071289,0.4990682899951935,1.853430986404419,nan,nan,nan
21,-0.07300301641225815,0.25852635502815247,0.623046875,0.0006493504042737186,0.48666977882385254,0.5133302807807922,1.7749032974243164,nan,nan,nan
22,-0.09753928333520889,0.2637321352958679,0.6025390625,0.0006164237856864929,0.5076134204864502,0.4923865795135498,1.6680502891540527,nan,nan,nan
23,-0.06983853876590729,0.31161171197891235,0.6517578363418579,0.0005596023402176797,0.5116318464279175,0.48836812376976013,1.5483475923538208,nan,nan,nan
24,-0.09205450117588043,0.32069987058639526,0.66796875,0.000581880914978683,0.5247330069541931,0.4752669930458069,1.4236027002334595,nan,nan,nan
25,-0.07089033722877502,0.2884192168712616,0.693164050579071,0.0006135730654932559,0.48757052421569824,0.5124294757843018,1.2927461862564087,nan,nan,nan
26,-0.053931042551994324,0.3365131616592407,0.6904296875,0.0005463629495352507,0.5421897768974304,0.45781025290489197,1.1289632320404053,nan,nan,nan
27,-0.08237828314304352,0.29055291414260864,0.685742199420929,0.0006240648217499256,0.4929291605949402,0.5070708394050598,1.0212336778640747,nan,nan,nan
28,-0.08324098587036133,0.2972240447998047,0.69140625,0.0005494437646120787,0.47546303272247314,0.5245369672775269,0.9006162881851196,nan,nan,nan
29,-0.05765993148088455,0.3093952536582947,0.7255859375,0.0006166297243908048,0.49389562010765076,0.5061043500900269,0.7665380239486694,nan,nan,nan
30,-0.04641370475292206,0.31515008211135864,0.6708984375,0.0006075258133932948,0.4992397129535675,0.5007603168487549,0.6686875820159912,nan,nan,nan
31,-0.06949243694543839,0.3559792637825012,0.7369140386581421,0.0005701769259758294,0.5370293855667114,0.46297064423561096,0.5674043893814087,nan,nan,nan
32,-0.05064643919467926,0.3289133310317993,0.71875,0.0005788046983070672,0.49746766686439514,0.5025323629379272,0.5020439028739929,nan,nan,nan
33,-0.009578391909599304,0.3082469403743744,0.71484375,0.0005701937479898334,0.4861791729927063,0.5138207674026489,0.4342682659626007,nan,nan,nan
34,-0.010612888261675835,0.2892805337905884,0.66015625,0.0005375316250137985,0.493457555770874,0.506542444229126,0.3839576542377472,nan,nan,nan
35,-0.047730930149555206,0.29040056467056274,0.681640625,0.0005631406093016267,0.48399949073791504,0.516000509262085,0.3513244688510895,nan,nan,nan
36,0.010181687772274017,0.3077157735824585,0.6982421875,0.0005467281443998218,0.488844096660614,0.511155903339386,0.31794118881225586,nan,nan,nan
37,-0.02376582846045494,0.32104551792144775,0.7466796636581421,0.0005870832246728241,0.4985015392303467,0.5014984011650085,0.29654648900032043,nan,nan,nan
38,-0.025221865624189377,0.332977294921875,0.72265625,0.0005687648663297296,0.5266846418380737,0.47331535816192627,0.27510708570480347,nan,nan,nan
39,-0.051750339567661285,0.3387898802757263,0.720703125,0.00056193902855739,0.514093279838562,0.485906720161438,0.26466643810272217,nan,nan,nan
40,-0.0014099963009357452,0.3604571223258972,0.74609375,0.0005485843867063522,0.5061793923377991,0.4938206076622009,0.24759942293167114,nan,nan,nan
41,-0.0353383794426918,0.3570142388343811,0.7431640625,0.0005704937502741814,0.5185731649398804,0.481426864862442,0.2335420548915863,nan,nan,nan
42,-0.04999133199453354,0.29907655715942383,0.6845703125,0.0005536082317121327,0.4917532801628113,0.5082467198371887,0.2288719117641449,nan,nan,nan
43,-0.00873633660376072,0.3463962972164154,0.751953125,0.0005578445270657539,0.49706968665122986,0.5029303431510925,0.20961818099021912,nan,nan,nan
44,-0.00953372847288847,0.3126576542854309,0.7201172113418579,0.0005840914091095328,0.494981586933136,0.505018413066864,0.20039121806621552,nan,nan,nan
45,-0.013464604504406452,0.29979556798934937,0.6787109375,0.0005321984644979239,0.48709598183631897,0.5129040479660034,0.19528698921203613,nan,nan,nan
46,-0.003687185700982809,0.3214636445045471,0.6865234375,0.0005790780996903777,0.5042524337768555,0.4957475960254669,0.18824705481529236,nan,nan,nan
47,-0.012035000137984753,0.3255089819431305,0.705078125,0.0005580851575359702,0.5128986835479736,0.48710131645202637,0.18665295839309692,nan,nan,nan
48,-0.03581264987587929,0.3567783236503601,0.759765625,0.000554693746380508,0.4979124069213867,0.5020875930786133,0.19247406721115112,nan,nan,nan
49,0.020940065383911133,0.34931617975234985,0.7373046875,0.000602022628299892,0.5129334926605225,0.4870665371417999,0.18569712340831757,nan,nan,nan
50,-0.007690987084060907,0.30671173334121704,0.6845703125,0.0005362038500607014,0.4979594945907593,0.5020405054092407,0.1971813440322876,nan,nan,nan
51,-0.029011107981204987,0.33520832657814026,0.72265625,0.0005628296639770269,0.5042359232902527,0.4957640767097473,0.2086702436208725,nan,nan,nan
52,-0.010785376653075218,0.3151755630970001,0.7392578125,0.0005670913960784674,0.48722946643829346,0.5127705335617065,0.22043564915657043,nan,nan,nan
53,-0.0294636283069849,0.32881173491477966,0.7080078125,0.00054128747433424,0.5019734501838684,0.498026579618454,0.23069341480731964,nan,nan,nan
54,-0.004712873604148626,0.3326430320739746,0.68359375,0.0005703039350919425,0.5301015973091125,0.46989840269088745,0.23534470796585083,nan,nan,nan
55,0.004147388972342014,0.3193355202674866,0.688281238079071,0.0005209530936554074,0.510396420955658,0.48960357904434204,0.25966933369636536,nan,nan,nan
56,0.00048281089402735233,0.3192216157913208,0.69921875,0.0005696386797353625,0.49716323614120483,0.5028367638587952,0.2844460606575012,nan,nan,nan
57,0.0002699007745832205,0.3160901665687561,0.740234375,0.0005369741702452302,0.48060762882232666,0.5193923711776733,0.32138749957084656,nan,nan,nan
58,-0.03275555744767189,0.35471799969673157,0.7392578125,0.0005605422193184495,0.5251224637031555,0.47487756609916687,0.3535398840904236,nan,nan,nan
59,-0.0673559308052063,0.34005337953567505,0.71484375,0.0005525554879568517,0.5151925683021545,0.48480743169784546,0.3982436954975128,nan,nan,nan
60,-0.05360615998506546,0.32112765312194824,0.7001953125,0.0005591890658251941,0.5159244537353516,0.4840756058692932,0.42493125796318054,nan,nan,nan
61,-0.06751604378223419,0.30636170506477356,0.6904296875,0.0006267281132750213,0.4928383529186249,0.5071616172790527,0.46379855275154114,nan,nan,nan
62,-0.009919993579387665,0.3094772696495056,0.6806640625,0.0005674867425113916,0.5172505378723145,0.48274946212768555,0.4655487835407257,nan,nan,nan
63,-0.014782007783651352,0.3294808864593506,0.701953113079071,0.0005971312639303505,0.5093735456466675,0.4906265139579773,0.493341863155365,nan,nan,nan
64,-0.05598469451069832,0.3055945932865143,0.6904296875,0.0005572499940171838,0.48647767305374146,0.5135223269462585,0.5424332618713379,nan,nan,nan
65,-0.04051714763045311,0.32919830083847046,0.6953125,0.0005794508615508676,0.5284525156021118,0.4715474545955658,0.5380294322967529,nan,nan,nan
66,-0.04696217551827431,0.28888416290283203,0.7099609375,0.0006298046791926026,0.46756047010421753,0.5324394702911377,0.5760688781738281,nan,nan,nan
67,-0.0556524321436882,0.32348519563674927,0.72265625,0.0005431413883343339,0.48734545707702637,0.5126545429229736,0.584197998046875,nan,nan,nan
68,-0.03853491693735123,0.3240787386894226,0.7275390625,0.0005990305216982961,0.5036441087722778,0.49635589122772217,0.5830742716789246,nan,nan,nan
69,-0.051752012223005295,0.30781909823417664,0.6669921875,0.0005881671677343547,0.5059024095535278,0.49409765005111694,0.5873523354530334,nan,nan,nan
70,-0.025011731311678886,0.3278788924217224,0.734375,0.0005982863367535174,0.5028799176216125,0.49712008237838745,0.578151285648346,nan,nan,nan
71,-0.005832270253449678,0.31785643100738525,0.728515625,0.0005617140559479594,0.4825478196144104,0.5174522399902344,0.5877891182899475,nan,nan,nan
72,-0.05610428750514984,0.328671932220459,0.7001953125,0.0005592843517661095,0.5176543593406677,0.4823456406593323,0.5987431406974792,nan,nan,nan
73,-0.02962917648255825,0.2964930832386017,0.671875,0.0005612023524008691,0.4992595314979553,0.5007404685020447,0.6196615695953369,nan,nan,nan
74,-0.051967598497867584,0.3370552659034729,0.7337890863418579,0.0005960296839475632,0.5168006420135498,0.4831992983818054,0.6396510004997253,nan,nan,nan
75,-0.09620106220245361,0.32550081610679626,0.697265625,0.000568767951335758,0.5202715992927551,0.4797284007072449,0.6567180752754211,nan,nan,nan
76,-0.0396629199385643,0.3101947009563446,0.7255859375,0.0005574140814132988,0.4780985414981842,0.5219014883041382,0.6566658020019531,nan,nan,nan
77,-0.03054158203303814,0.30339282751083374,0.6943359375,0.0005672585684806108,0.4977633059024811,0.5022367238998413,0.6501062512397766,nan,nan,nan
78,-0.049450118094682693,0.2849839925765991,0.6845703125,0.0006178937619552016,0.46826934814453125,0.5317307114601135,0.6640603542327881,nan,nan,nan
79,-0.041280947625637054,0.36613500118255615,0.773242175579071,0.0005808151909150183,0.5019850730895996,0.49801498651504517,0.6270174384117126,nan,nan,nan
80,-0.03755198046565056,0.3047153949737549,0.6623046398162842,0.0006090663955546916,0.5109980702400208,0.48900192975997925,0.6086709499359131,nan,nan,nan
81,-0.038508519530296326,0.3110402524471283,0.6923828125,0.0005638930015265942,0.5078364610671997,0.4921635091304779,0.599250853061676,nan,nan,nan
82,-0.043381113559007645,0.34527501463890076,0.69921875,0.0005827703280374408,0.535093367099762,0.46490663290023804,0.5624194145202637,nan,nan,nan
83,-0.055750951170921326,0.29328784346580505,0.66015625,0.000567683600820601,0.49378129839897156,0.506218671798706,0.5640113949775696,nan,nan,nan
84,-0.02424870803952217,0.28662383556365967,0.6800781488418579,0.0005726789240725338,0.4794195592403412,0.5205804705619812,0.5395960807800293,nan,nan,nan
85,-0.07170230895280838,0.31900840997695923,0.7548828125,0.0005913011846132576,0.45921796560287476,0.5407820343971252,0.5398460626602173,nan,nan,nan
86,-0.03496640548110008,0.2774072587490082,0.6617187261581421,0.0005561262369155884,0.4881244897842407,0.5118755102157593,0.5144034624099731,nan,nan,nan
87,-0.050031375139951706,0.3281446099281311,0.7421875,0.0006017492851242423,0.49923932552337646,0.5007607340812683,0.49709752202033997,nan,nan,nan
88,-0.05088905990123749,0.3266780376434326,0.7255859375,0.0005670867394655943,0.49510592222213745,0.5048941373825073,0.49702101945877075,nan,nan,nan
89,-0.055108435451984406,0.32232189178466797,0.7392578125,0.0005802398081868887,0.4969121813774109,0.5030878782272339,0.48251909017562866,nan,nan,nan
90,-0.025246426463127136,0.3094022870063782,0.701171875,0.0005477617378346622,0.49464142322540283,0.5053585767745972,0.48673203587532043,nan,nan,nan
91,-0.030405687168240547,0.3449096083641052,0.7353515625,0.0005543336155824363,0.5038751363754272,0.496124804019928,0.49978482723236084,nan,nan,nan
92,-0.04133126139640808,0.36836791038513184,0.7255859375,0.0005589891225099564,0.5448881387710571,0.4551118314266205,0.5127562284469604,nan,nan,nan
93,-0.07150749117136002,0.31540027260780334,0.6875,0.0005429640295915306,0.5089765787124634,0.4910234212875366,0.5733546614646912,nan,nan,nan
94,-0.05031073838472366,0.33069831132888794,0.6791015863418579,0.0005498171667568386,0.5242565274238586,0.47574347257614136,0.5829412937164307,nan,nan,nan
95,-0.07547733932733536,0.3286828398704529,0.7294921875,0.0005964835872873664,0.5003953576087952,0.49960464239120483,0.6155151128768921,nan,nan,nan
96,-0.06651220470666885,0.3644132614135742,0.744140625,0.0006007507909089327,0.5240393280982971,0.47596070170402527,0.6293749213218689,nan,nan,nan
97,-0.0673537403345108,0.31111717224121094,0.6943359375,0.0005708703538402915,0.49960002303123474,0.5003999471664429,0.6481836438179016,nan,nan,nan
98,-0.06311031430959702,0.32730087637901306,0.6908203363418579,0.000571661745198071,0.5178865194320679,0.4821135401725769,0.6280182600021362,nan,nan,nan
99,-0.04395193234086037,0.31082701683044434,0.7066406011581421,0.0005734675796702504,0.4942508041858673,0.5057492256164551,0.6309818625450134,nan,nan,nan
100,-0.046922940760850906,0.3107505440711975,0.71875,0.0005755797028541565,0.48246586322784424,0.5175341367721558,0.6191999316215515,nan,nan,nan
101,-0.07105505466461182,0.29681336879730225,0.7222656011581421,0.0005744367372244596,0.4721566438674927,0.5278433561325073,0.6130377054214478,nan,nan,nan
102,-0.007614028640091419,0.3647375702857971,0.7353515625,0.0005599097348749638,0.5413104891777039,0.45868951082229614,0.5498901605606079,nan,nan,nan
103,-0.07376354187726974,0.3256196677684784,0.6826171875,0.0005644703633151948,0.5045928955078125,0.4954071640968323,0.5954082012176514,nan,nan,nan
104,-0.024261746555566788,0.3248831331729889,0.714648425579071,0.0005938445683568716,0.5101932287216187,0.48980680108070374,0.6008108258247375,nan,nan,nan
105,-0.059895940124988556,0.32803961634635925,0.73046875,0.0005662085604853928,0.49702635407447815,0.5029736161231995,0.643623948097229,nan,nan,nan
106,-0.05860067531466484,0.3229627013206482,0.720703125,0.0005494671640917659,0.510466992855072,0.48953303694725037,0.6668549180030823,nan,nan,nan
107,-0.0697285458445549,0.3376222848892212,0.65234375,0.0005252284463495016,0.5461627244949341,0.45383724570274353,0.6724748611450195,nan,nan,nan
108,-0.04901498928666115,0.33975470066070557,0.75,0.0005404250114224851,0.49425143003463745,0.5057485699653625,0.7379237413406372,nan,nan,nan
109,-0.04350960627198219,0.295181542634964,0.6900390386581421,0.0005794226890429854,0.5006977915763855,0.4993021786212921,0.7882868051528931,nan,nan,nan
110,-0.0455273762345314,0.3134782314300537,0.6888672113418579,0.0005292046698741615,0.4945884346961975,0.5054115056991577,0.8441387414932251,nan,nan,nan
111,-0.09177540987730026,0.3272852599620819,0.71484375,0.0005146203329786658,0.47697484493255615,0.5230251550674438,0.9053030014038086,nan,nan,nan
112,-0.06226065009832382,0.2744426727294922,0.6640625,0.0005634094122797251,0.4805697500705719,0.5194302797317505,0.9178539514541626,nan,nan,nan
113,-0.05831211805343628,0.31321245431900024,0.6753906011581421,0.0005486382870003581,0.5108939409255981,0.48910605907440186,0.9120306968688965,nan,nan,nan
114,-0.039679236710071564,0.3102191984653473,0.68359375,0.00054345274111256,0.5120336413383484,0.4879663586616516,0.9125590324401855,nan,nan,nan
115,-0.06318271160125732,0.3321503698825836,0.7197265625,0.0005280941259115934,0.4956624507904053,0.5043375492095947,0.9409613609313965,nan,nan,nan
116,-0.05666714906692505,0.29539790749549866,0.6654297113418579,0.0005243277410045266,0.49915897846221924,0.5008410215377808,0.9687187075614929,nan,nan,nan
117,-0.07555139809846878,0.32316872477531433,0.70703125,0.0005515047232620418,0.4946817457675934,0.5053182244300842,0.976149320602417,nan,nan,nan
118,-0.04457050561904907,0.29329046607017517,0.6728515625,0.0005354605382308364,0.48324912786483765,0.5167508721351624,0.9888735413551331,nan,nan,nan
119,-0.0633452907204628,0.3040947914123535,0.6947265863418579,0.0005775437457486987,0.5030509233474731,0.49694910645484924,0.9833844900131226,nan,nan,nan
120,-0.11666102707386017,0.29592931270599365,0.6787109375,0.0005621785530820489,0.4660579264163971,0.5339421033859253,1.0112600326538086,nan,nan,nan
121,-0.06302651762962341,0.35839828848838806,0.7138671875,0.0005454062484204769,0.5431584119796753,0.45684149861335754,0.9529581069946289,nan,nan,nan
122,-0.043394412845373154,0.3212743401527405,0.6982421875,0.0005716999876312912,0.4880253076553345,0.5119746923446655,0.9810324311256409,nan,nan,nan
123,-0.06407161056995392,0.3052816390991211,0.6804687976837158,0.0005063640419393778,0.4886763095855713,0.5113236904144287,0.9827480912208557,nan,nan,nan
124,-0.0398448184132576,0.34115535020828247,0.7041015625,0.0005359000060707331,0.5070396065711975,0.4929603934288025,0.9778871536254883,nan,nan,nan
125,-0.05765330046415329,0.3141956925392151,0.724609375,0.0005632386892102659,0.4743589758872986,0.5256410241127014,1.0208418369293213,nan,nan,nan
126,-0.056709855794906616,0.31901612877845764,0.6748046875,0.0005429695011116564,0.5216187238693237,0.47838130593299866,1.0154919624328613,nan,nan,nan
127,-0.04813424497842789,0.3010203242301941,0.6640625,0.0005302734207361937,0.4905822277069092,0.5094177722930908,1.0365009307861328,nan,nan,nan
128,-0.019317487254738808,0.3079623281955719,0.6767578125,0.0005263765342533588,0.4901717007160187,0.5098283290863037,1.0382065773010254,nan,nan,nan
129,-0.06483519077301025,0.3319631814956665,0.6875,0.0005282625206746161,0.535409688949585,0.46459031105041504,1.053892970085144,nan,nan,nan
130,-0.07230395823717117,0.34060007333755493,0.724609375,0.0005655863205902278,0.529434323310852,0.47056570649147034,1.076170802116394,nan,nan,nan
131,-0.04122941568493843,0.3224213719367981,0.7099609375,0.0005313011351972818,0.49742114543914795,0.5025789141654968,1.091953992843628,nan,nan,nan
132,-0.0031499583274126053,0.3135094940662384,0.7154296636581421,0.0005545140011236072,0.49540698528289795,0.504593014717102,1.0955630540847778,nan,nan,nan
133,-0.0724623054265976,0.3369276821613312,0.6923828125,0.0005571866640821099,0.5286256074905396,0.47137439250946045,1.1019731760025024,nan,nan,nan
134,-0.08422282338142395,0.31583622097969055,0.689257800579071,0.0005551355425268412,0.49453818798065186,0.5054618120193481,1.1194077730178833,nan,nan,nan
135,-0.049844540655612946,0.2873443067073822,0.677734375,0.0005337073816917837,0.4591825008392334,0.5408174991607666,1.1267380714416504,nan,nan,nan
136,-0.04458224028348923,0.320678174495697,0.706250011920929,0.0005205230554565787,0.49019402265548706,0.5098059773445129,1.0871397256851196,nan,nan,nan
137,-0.05350248143076897,0.2855173945426941,0.6513671875,0.0005784281529486179,0.49183693528175354,0.5081630349159241,1.0526955127716064,nan,nan,nan
138,-0.0419391468167305,0.2832011282444,0.697265625,0.0005474586505442858,0.4621756672859192,0.537824273109436,1.0483859777450562,nan,nan,nan
139,-0.06455589085817337,0.3162819743156433,0.71484375,0.0005421824753284454,0.4944155216217041,0.5055844783782959,1.0049519538879395,nan,nan,nan
140,-0.07291719317436218,0.3587144613265991,0.734570324420929,0.0005420453380793333,0.5170092582702637,0.48299071192741394,0.9440825581550598,nan,nan,nan
141,-0.10591739416122437,0.3331073820590973,0.7294921875,0.0005707453237846494,0.5152491331100464,0.4847508668899536,0.8988111019134521,nan,nan,nan
142,-0.0911824181675911,0.32334399223327637,0.695507824420929,0.0005205930210649967,0.49572911858558655,0.5042709112167358,0.8343159556388855,nan,nan,nan
143,-0.07745686918497086,0.35275429487228394,0.7177734375,0.0005775702884420753,0.5369297862052917,0.46307021379470825,0.7178099155426025,nan,nan,nan
144,-0.05776995047926903,0.3301384150981903,0.701171875,0.0005642265314236283,0.5044479966163635,0.4955520033836365,0.6403841972351074,nan,nan,nan
145,-0.08730347454547882,0.3617330491542816,0.75,0.0005650890525430441,0.5133076310157776,0.48669230937957764,0.5585489273071289,nan,nan,nan
146,-0.03982897475361824,0.31233203411102295,0.7255859375,0.000563751207664609,0.48058634996414185,0.5194136500358582,0.50357985496521,nan,nan,nan
147,-0.059944476932287216,0.3503681421279907,0.743945300579071,0.0005526624736376107,0.5133929252624512,0.4866071045398712,0.42608383297920227,nan,nan,nan
148,-0.08339438587427139,0.30159449577331543,0.6962890625,0.0005345093668438494,0.49117612838745117,0.5088238716125488,0.3830528259277344,nan,nan,nan
149,-0.04988740012049675,0.3139471709728241,0.6996093988418579,0.0005744656082242727,0.49687981605529785,0.5031201839447021,0.33012670278549194,nan,nan,nan
150,-0.014070739038288593,0.334503173828125,0.734375,0.0005407453281804919,0.5126674175262451,0.48733264207839966,0.27673327922821045,0.7148337364196777,0.000562898931093514,-0.0
151,-0.032124344259500504,0.31834036111831665,0.7308593988418579,0.0005511789349839091,0.47144389152526855,0.5285561084747314,0.2603256404399872,0.7148337364196777,0.000562898931093514,-0.0
152,-0.03015434369444847,0.31667327880859375,0.7007812261581421,0.0005555320531129837,0.49628520011901855,0.5037147998809814,0.22737166285514832,0.7148337364196777,0.000562898931093514,-0.0
153,-0.026022423058748245,0.2991425693035126,0.7041015625,0.0005803359672427177,0.49068889021873474,0.5093110203742981,0.2078774869441986,0.7148337364196777,0.000562898931093514,-0.0
154,-0.019427232444286346,0.27180567383766174,0.6396484375,0.0005937984678894281,0.48466747999191284,0.5153325200080872,0.1978650838136673,0.7148337364196777,0.000562898931093514,-0.0
155,-0.018712308257818222,0.3307265639305115,0.6806640625,0.0005338554619811475,0.5282536149024963,0.47174638509750366,0.1726415753364563,0.7148337364196777,0.000562898931093514,-0.0
156,-0.02189892716705799,0.31020283699035645,0.6806640625,0.0005539593403227627,0.5006190538406372,0.4993809759616852,0.17235465347766876,0.7148337364196777,0.000562898931093514,-0.0
157,-0.04140777140855789,0.3495706021785736,0.720703125,0.0005481492262333632,0.5094087719917297,0.49059122800827026,0.16652201116085052,0.7148337364196777,0.000562898931093514,-0.0
158,-0.03019494190812111,0.3464173674583435,0.7080078125,0.0005940936971455812,0.5321782827377319,0.46782171726226807,0.15691369771957397,0.7148337364196777,0.000562898931093514,-0.0
159,-0.01959545537829399,0.3530495762825012,0.7392578125,0.0005592195084318519,0.5088179707527161,0.4911820590496063,0.1580791175365448,0.7148337364196777,0.000562898931093514,-0.0
160,-0.02542104199528694,0.3307790160179138,0.7021484375,0.0005831007729284465,0.5097627639770508,0.4902372658252716,0.15301436185836792,0.7148337364196777,0.000562898931093514,-0.0
161,-0.03598788380622864,0.3383302092552185,0.7289062738418579,0.0005527960602194071,0.5002129077911377,0.49978703260421753,0.15409958362579346,0.7148337364196777,0.000562898931093514,-0.0
162,-0.01946670562028885,0.33340659737586975,0.6705077886581421,0.0005341133219189942,0.5190407037734985,0.48095932602882385,0.1455203741788864,0.7148337364196777,0.000562898931093514,-0.0
163,-0.03591134026646614,0.31446266174316406,0.65234375,0.0005707109230570495,0.5345306992530823,0.46546924114227295,0.1351693570613861,0.7148337364196777,0.000562898931093514,-0.0
164,-0.004764967132359743,0.3289649784564972,0.705078125,0.000557481253053993,0.5130043625831604,0.4869955778121948,0.1342160999774933,0.7148337364196777,0.000562898931093514,-0.0
165,-0.005626679863780737,0.3382730484008789,0.69921875,0.0005514296935871243,0.5135484337806702,0.48645156621932983,0.13260474801063538,0.7148337364196777,0.000562898931093514,-0.0
166,-0.022346949204802513,0.33996254205703735,0.7291015386581421,0.0005297085735946894,0.510470986366272,0.4895290732383728,0.12836936116218567,0.7148337364196777,0.000562898931093514,-0.0
167,0.0073944320902228355,0.3190171420574188,0.7158203125,0.0005524609005078673,0.48029422760009766,0.5197057723999023,0.13936814665794373,0.7148337364196777,0.000562898931093514,-0.0
168,-0.01779736764729023,0.3018854260444641,0.7119140625,0.0005549340276047587,0.4784547686576843,0.5215452313423157,0.14636647701263428,0.7148337364196777,0.000562898931093514,-0.0
169,-0.01496789138764143,0.3150615692138672,0.74609375,0.0005341679789125919,0.4909132719039917,0.5090867280960083,0.1477573812007904,0.7148337364196777,0.000562898931093514,-0.0
170,-0.010855400934815407,0.3092300295829773,0.693359375,0.0005170031217858195,0.4997881054878235,0.5002118945121765,0.15681248903274536,0.7148337364196777,0.000562898931093514,-0.0
171,-0.03721469268202782,0.297791063785553,0.671875,0.0005622477037832141,0.49107298254966736,0.5089269876480103,0.16933658719062805,0.7148337364196777,0.000562898931093514,-0.0
172,-0.04697006568312645,0.3453057110309601,0.7060546875,0.0005385827971622348,0.521291196346283,0.47870880365371704,0.16478025913238525,0.7148337364196777,0.000562898931093514,-0.0
173,-0.010666647925972939,0.33505046367645264,0.7080078125,0.0005450906464830041,0.5113179683685303,0.48868200182914734,0.17531457543373108,0.7148337364196777,0.000562898931093514,-0.0
174,-0.016146577894687653,0.33563530445098877,0.7486327886581421,0.0005712531274184585,0.509529709815979,0.490470290184021,0.1765827089548111,0.7148337364196777,0.000562898931093514,-0.0
175,-0.02515120804309845,0.3105509579181671,0.7109375,0.000568448449485004,0.47899267077445984,0.5210072994232178,0.19710296392440796,0.7148337364196777,0.000562898931093514,-0.0
176,-0.017555272206664085,0.3317748010158539,0.6787109375,0.0005538625409826636,0.544089138507843,0.4559108316898346,0.18481183052062988,0.7148337364196777,0.000562898931093514,-0.0
177,-0.02178514003753662,0.3379182815551758,0.7373046875,0.0005525273154489696,0.49985992908477783,0.5001400709152222,0.20762090384960175,0.7148337364196777,0.000562898931093514,-0.0
178,-0.03655551001429558,0.3315925598144531,0.7216796875,0.0005999710992909968,0.4949053227901459,0.5050946474075317,0.21944867074489594,0.7148337364196777,0.000562898931093514,-0.0
179,-0.05048971623182297,0.31508153676986694,0.703125,0.0005998836131766438,0.49279844760894775,0.5072015523910522,0.2263588160276413,0.7148337364196777,0.000562898931093514,-0.0
180,-0.01162058673799038,0.3079986572265625,0.727343738079071,0.0005714218714274466,0.4820355176925659,0.5179644823074341,0.23129819333553314,0.7148337364196777,0.000562898931093514,-0.0
181,-0.05478116497397423,0.3502670228481293,0.724609375,0.0005750780692324042,0.5201888084411621,0.4798111021518707,0.22643236815929413,0.7148337364196777,0.000562898931093514,-0.0
182,-0.03594576194882393,0.30302509665489197,0.6722656488418579,0.0005233297124505043,0.5148797035217285,0.4851202666759491,0.22688405215740204,0.7148337364196777,0.000562898931093514,-0.0
183,-0.025847986340522766,0.3309933841228485,0.7275390625,0.0005546245956793427,0.5090555548667908,0.49094444513320923,0.22650618851184845,0.7148337364196777,0.000562898931093514,-0.0
184,-0.018267309293150902,0.30949121713638306,0.7103515863418579,0.0005736344028264284,0.4801984429359436,0.5198014974594116,0.2395734041929245,0.7148337364196777,0.000562898931093514,-0.0
185,-0.0458378903567791,0.3037791848182678,0.6796875,0.0005488390452228487,0.49999070167541504,0.5000091791152954,0.240988090634346,0.7148337364196777,0.000562898931093514,-0.0
186,-0.021573496982455254,0.28128036856651306,0.661328136920929,0.0005700367037206888,0.49099963903427124,0.5090003609657288,0.2411586493253708,0.7148337364196777,0.000562898931093514,-0.0
187,-0.055819377303123474,0.31640663743019104,0.686328113079071,0.0005375468754209578,0.48799049854278564,0.5120095014572144,0.2528413236141205,0.7148337364196777,0.000562898931093514,-0.0
188,-0.015547351911664009,0.35735565423965454,0.7470703125,0.0005390734295360744,0.5059502124786377,0.4940498173236847,0.24578547477722168,0.7148337364196777,0.000562898931093514,-0.0
189,-0.06529300659894943,0.35349175333976746,0.7265625,0.0005698426393792033,0.5223687291145325,0.47763127088546753,0.24756550788879395,0.7148337364196777,0.000562898931093514,-0.0
190,-0.04498795047402382,0.33784037828445435,0.73828125,0.0005744843510910869,0.4978804588317871,0.5021195411682129,0.2580593526363373,0.7148337364196777,0.000562898931093514,-0.0
191,-0.020467445254325867,0.31739741563796997,0.73046875,0.0005894945934414864,0.495303750038147,0.504696249961853,0.2612621486186981,0.7148337364196777,0.000562898931093514,-0.0
192,-0.04405861347913742,0.3121144473552704,0.7017577886581421,0.0005501210689544678,0.4965842366218567,0.5034157633781433,0.27025842666625977,0.7148337364196777,0.000562898931093514,-0.0
193,-0.017194101586937904,0.3484121263027191,0.752734363079071,0.000599031220190227,0.5130554437637329,0.4869445562362671,0.27041399478912354,0.7148337364196777,0.000562898931093514,-0.0
194,-0.01770663820207119,0.35316145420074463,0.728515625,0.0005340476636774838,0.5129453539848328,0.48705458641052246,0.2825312912464142,0.7148337364196777,0.000562898931093514,-0.0
195,-0.039509255439043045,0.2959074378013611,0.7103515863418579,0.0005393164465203881,0.4649759531021118,0.5350239872932434,0.3308410942554474,0.7148337364196777,0.000562898931093514,-0.0
196,-0.053028643131256104,0.30908164381980896,0.7300781011581421,0.0005476640653796494,0.4851064682006836,0.5148935317993164,0.3544826805591583,0.7148337364196777,0.000562898931093514,-0.0
197,-0.03939971700310707,0.3083091974258423,0.6708984375,0.000535776955075562,0.523330569267273,0.47666940093040466,0.3601970672607422,0.7148337364196777,0.000562898931093514,-0.0
198,-0.07285348325967789,0.3090490698814392,0.6996093988418579,0.0005434187478385866,0.4944639801979065,0.5055360198020935,0.4037364721298218,0.7148337364196777,0.000562898931093514,-0.0
199,-0.03906005620956421,0.3439740240573883,0.735156238079071,0.0005532882642000914,0.4979995787143707,0.5020004510879517,0.4188167452812195,0.7148337364196777,0.000562898931093514,-0.0
200,-0.06177684664726257,0.365481972694397,0.7509765625,0.0005746671813540161,0.5252180695533752,0.47478193044662476,0.41670340299606323,0.7148337364196777,0.000562898931093514,-0.0
201,-0.037997569888830185,0.3096717894077301,0.6923828125,0.0005335562746040523,0.4990242123603821,0.5009757876396179,0.45957842469215393,0.7148337364196777,0.000562898931093514,-0.0
202,-0.04856439679861069,0.3334950804710388,0.7021484375,0.0005406054551713169,0.5173208713531494,0.4826791286468506,0.47175607085227966,0.7148337364196777,0.000562898931093514,-0.0
203,-0.08307155966758728,0.33236610889434814,0.7236328125,0.0005518023390322924,0.49270641803741455,0.5072935223579407,0.5026636123657227,0.7148337364196777,0.000562898931093514,-0.0
204,-0.05987251177430153,0.33138102293014526,0.6796875,0.0005411585443653166,0.5103841423988342,0.48961585760116577,0.502299964427948,0.7148337364196777,0.000562898931093514,-0.0
205,-0.05899091809988022,0.32784634828567505,0.71484375,0.0005575187387876213,0.5090724229812622,0.4909275770187378,0.5205289125442505,0.7148337364196777,0.000562898931093514,-0.0
206,-0.0745491236448288,0.3160017132759094,0.685546875,0.0005283702630549669,0.5043182373046875,0.4956817626953125,0.5328578948974609,0.7148337364196777,0.000562898931093514,-0.0
207,-0.05789876729249954,0.32010617852211,0.712890625,0.0005371483857743442,0.508662223815918,0.4913378059864044,0.5295408964157104,0.7148337364196777,0.000562898931093514,-0.0
208,-0.041242897510528564,0.2930097281932831,0.6943359375,0.0005347499973140657,0.4884002208709717,0.5115997791290283,0.5377987623214722,0.7148337364196777,0.000562898931093514,-0.0
209,-0.0439070463180542,0.33265554904937744,0.72265625,0.0005551640642806888,0.5055460929870605,0.49445390701293945,0.5207294225692749,0.7148337364196777,0.000562898931093514,-0.0
210,-0.030389897525310516,0.30742207169532776,0.697265625,0.0005589327774941921,0.495792955160141,0.5042070150375366,0.5445127487182617,0.7148337364196777,0.000562898931093514,-0.0
211,-0.07474292814731598,0.30842334032058716,0.6851562261581421,0.0005397195345722139,0.4857980012893677,0.5142019987106323,0.566893994808197,0.7148337364196777,0.000562898931093514,-0.0
212,-0.040448904037475586,0.2659081220626831,0.6751953363418579,0.000548682059161365,0.46000921726226807,0.5399907827377319,0.6011358499526978,0.7148337364196777,0.000562898931093514,-0.0
213,-0.0753832459449768,0.33724284172058105,0.7041015625,0.0005507285241037607,0.5219445824623108,0.4780554175376892,0.562529981136322,0.7148337364196777,0.000562898931093514,-0.0
214,-0.06504311412572861,0.3361127972602844,0.6875,0.0005456828512251377,0.537869930267334,0.462130069732666,0.5724964141845703,0.7148337364196777,0.000562898931093514,-0.0
215,-0.057682231068611145,0.37088093161582947,0.7412109375,0.0005274218856357038,0.5154713988304138,0.48452863097190857,0.588238537311554,0.7148337364196777,0.000562898931093514,-0.0
216,-0.06623507291078568,0.2787708640098572,0.7080078125,0.0005251929396763444,0.4590427577495575,0.5409572124481201,0.6547969579696655,0.7148337364196777,0.000562898931093514,-0.0
217,-0.05384167283773422,0.3125937581062317,0.703125,0.0005081187700852752,0.48005419969558716,0.5199458003044128,0.6681816577911377,0.7148337364196777,0.000562898931093514,-0.0
218,-0.037381626665592194,0.28795087337493896,0.67578125,0.0005211976822465658,0.4743129014968872,0.5256870985031128,0.6884211897850037,0.7148337364196777,0.000562898931093514,-0.0
219,-0.06285117566585541,0.39007318019866943,0.787109375,0.0005497456877492368,0.5350357890129089,0.46496421098709106,0.6755595803260803,0.7148337364196777,0.000562898931093514,-0.0
220,-0.08273224532604218,0.2961893677711487,0.708984375,0.0005270406254567206,0.46962374448776245,0.5303762555122375,0.766624927520752,0.7148337364196777,0.000562898931093514,-0.0
221,-0.048990413546562195,0.33199477195739746,0.7109375,0.0005274156574159861,0.5038089752197266,0.49619102478027344,0.7852811217308044,0.7148337364196777,0.000562898931093514,-0.0
222,-0.07897142320871353,0.3037773370742798,0.7230468988418579,0.0005284488433972001,0.46994298696517944,0.5300569534301758,0.8423143625259399,0.7148337364196777,0.000562898931093514,-0.0
223,-0.05220732465386391,0.2997802197933197,0.6630859375,0.0005209738155826926,0.49377715587615967,0.5062228441238403,0.839555025100708,0.7148337364196777,0.000562898931093514,-0.0
224,-0.09729932993650436,0.2961673438549042,0.6865234375,0.0006082691252231598,0.4883391261100769,0.5116608738899231,0.8802812099456787,0.7148337364196777,0.000562898931093514,-0.0
225,-0.06873941421508789,0.3369166851043701,0.734375,0.0005640374729409814,0.499332070350647,0.500667929649353,0.8739501237869263,0.7148337364196777,0.000562898931093514,-0.0
226,-0.059749625623226166,0.3479859530925751,0.716796875,0.0004987484426237643,0.5239492654800415,0.4760507345199585,0.8552829027175903,0.7148337364196777,0.000562898931093514,-0.0
227,-0.06275062263011932,0.3417972922325134,0.7255859375,0.0005251687252894044,0.5002540349960327,0.4997459650039673,0.845393180847168,0.7148337364196777,0.000562898931093514,-0.0
228,-0.062435511499643326,0.3172081410884857,0.7144531011581421,0.0005011101602576673,0.4770355224609375,0.5229644775390625,0.8557913303375244,0.7148337364196777,0.000562898931093514,-0.0
229,-0.08596384525299072,0.2969903349876404,0.669921875,0.000523829716257751,0.49885132908821106,0.5011486411094666,0.815548300743103,0.7148337364196777,0.000562898931093514,-0.0
230,-0.11198456585407257,0.28800225257873535,0.6630859375,0.0005303859361447394,0.4932132363319397,0.5067867636680603,0.7682299017906189,0.7148337364196777,0.000562898931093514,-0.0
231,-0.09849553555250168,0.298601895570755,0.678906261920929,0.0005271808477118611,0.4840417802333832,0.5159582495689392,0.6903403997421265,0.7148337364196777,0.000562898931093514,-0.0
232,-0.043862804770469666,0.31955400109291077,0.6859375238418579,0.0005250804824754596,0.5300133228302002,0.4699866771697998,0.5934008359909058,0.7148337364196777,0.000562898931093514,-0.0
233,-0.046657390892505646,0.30747440457344055,0.673828125,0.0005395054467953742,0.5133064985275269,0.48669353127479553,0.5637617111206055,0.7148337364196777,0.000562898931093514,-0.0
234,-0.030618682503700256,0.3407633602619171,0.705078125,0.0005797930061817169,0.5370565056800842,0.46294349431991577,0.5148683190345764,0.7148337364196777,0.000562898931093514,-0.0
235,-0.07245241105556488,0.2981007993221283,0.6937500238418579,0.0005370367434807122,0.5042724609375,0.4957275986671448,0.5411606431007385,0.7148337364196777,0.000562898931093514,-0.0
236,-0.07354313880205154,0.2985919117927551,0.6880859136581421,0.0005452484474517405,0.47671085596084595,0.523289144039154,0.5741580724716187,0.7148337364196777,0.000562898931093514,-0.0
237,-0.08209281414747238,0.30842840671539307,0.6982421875,0.0005272577982395887,0.49206846952438354,0.5079315304756165,0.5743935108184814,0.7148337364196777,0.000562898931093514,-0.0
238,-0.10128677636384964,0.33777523040771484,0.7203124761581421,0.0005446296418085694,0.5120368003845215,0.4879632294178009,0.5621773600578308,0.7148337364196777,0.000562898931093514,-0.0
239,-0.10764417052268982,0.28662803769111633,0.681640625,0.0005290484405122697,0.4803083837032318,0.5196916460990906,0.6064945459365845,0.7148337364196777,0.000562898931093514,-0.0
240,-0.1060350313782692,0.2720893621444702,0.615234375,0.0005538996192626655,0.49224886298179626,0.5077511668205261,0.5872831344604492,0.7148337364196777,0.000562898931093514,-0.0
241,-0.07524427026510239,0.32781144976615906,0.7134765386581421,0.0005352769512683153,0.4967186450958252,0.5032813549041748,0.5770488977432251,0.7148337364196777,0.000562898931093514,-0.0
242,-0.08506312966346741,0.34621143341064453,0.712890625,0.000580008199904114,0.5262253284454346,0.47377467155456543,0.556349515914917,0.7148337364196777,0.000562898931093514,-0.0
243,-0.09090107679367065,0.29571449756622314,0.6708984375,0.0005391000304371119,0.49963468313217163,0.5003653168678284,0.5943628549575806,0.7148337364196777,0.000562898931093514,-0.0
244,-0.10920263081789017,0.3163014352321625,0.6669921875,0.0005209328373894095,0.5087730884552002,0.4912269115447998,0.5986883640289307,0.7148337364196777,0.000562898931093514,-0.0
245,-0.1036551222205162,0.3462224006652832,0.7496093511581421,0.0005631546955555677,0.5006116032600403,0.4993883967399597,0.6185446381568909,0.7148337364196777,0.000562898931093514,-0.0
246,-0.12465803325176239,0.3076924979686737,0.6826171875,0.0005350086139515042,0.47838106751441956,0.5216189622879028,0.674178957939148,0.7148337364196777,0.000562898931093514,-0.0
247,-0.1253737509250641,0.3064023554325104,0.6927734613418579,0.0005510863848030567,0.48091375827789307,0.5190862417221069,0.6640119552612305,0.7148337364196777,0.000562898931093514,-0.0
248,-0.09200179576873779,0.3115692734718323,0.7210937738418579,0.0005608737701550126,0.4806138873100281,0.5193861126899719,0.6578829288482666,0.7148337364196777,0.000562898931093514,-0.0
249,-0.12861725687980652,0.3386136293411255,0.7333984375,0.0005589910433627665,0.48989051580429077,0.5101094841957092,0.6651233434677124,0.7148337364196777,0.000562898931093514,-0.0
250,-0.0942191556096077,0.30610355734825134,0.6767578125,0.0005660953465849161,0.4921964108943939,0.5078035593032837,0.6614677309989929,0.7148337364196777,0.000562898931093514,-0.0
251,-0.13419686257839203,0.3103097677230835,0.6728515625,0.0005176031263545156,0.49895432591438293,0.5010456442832947,0.6607468724250793,0.7148337364196777,0.000562898931093514,-0.0
252,-0.10692952573299408,0.31805962324142456,0.7041015625,0.0005608659703284502,0.5079887509346008,0.49201124906539917,0.6505724191665649,0.7148337364196777,0.000562898931093514,-0.0
253,-0.11788734793663025,0.33863529562950134,0.7177734375,0.0005685710930265486,0.5038548111915588,0.49614518880844116,0.6441808938980103,0.7148337364196777,0.000562898931093514,-0.0
254,-0.11006885021924973,0.3207538425922394,0.6943359375,0.0005806703120470047,0.5041381120681763,0.49586185812950134,0.6498836874961853,0.7148337364196777,0.000562898931093514,-0.0
255,-0.14742542803287506,0.29277729988098145,0.6703125238418579,0.0005344913806766272,0.4918290972709656,0.5081708431243896,0.6592636108398438,0.7148337364196777,0.000562898931093514,-0.0
256,-0.11759718507528305,0.3358086943626404,0.728515625,0.0005551367066800594,0.49839743971824646,0.5016025900840759,0.6445053815841675,0.7148337364196777,0.000562898931093514,-0.0
257,-0.1283136010169983,0.30828210711479187,0.70703125,0.000523423426784575,0.4784548282623291,0.5215451717376709,0.6692764163017273,0.7148337364196777,0.000562898931093514,-0.0
258,-0.10931672155857086,0.33824431896209717,0.7201172113418579,0.0005512679927051067,0.5038840174674988,0.4961159825325012,0.6071394681930542,0.7148337364196777,0.000562898931093514,-0.0
259,-0.08822883665561676,0.2705066502094269,0.66796875,0.0005430199671536684,0.4687538146972656,0.5312461256980896,0.6341290473937988,0.7148337364196777,0.000562898931093514,-0.0
260,-0.1095239669084549,0.31328484416007996,0.7015625238418579,0.000524173432495445,0.4937664270401001,0.5062335133552551,0.6146526336669922,0.7148337364196777,0.000562898931093514,-0.0
261,-0.12382197380065918,0.32117828726768494,0.6714843511581421,0.0004888945259153843,0.48603230714797974,0.513967752456665,0.6479637622833252,0.7148337364196777,0.000562898931093514,-0.0
262,-0.11417596787214279,0.3249274492263794,0.7060546875,0.0005392273887991905,0.4944009780883789,0.5055990219116211,0.6312837600708008,0.7148337364196777,0.000562898931093514,-0.0
263,-0.11533117294311523,0.34979337453842163,0.7191406488418579,0.0005155273247510195,0.5058532953262329,0.4941466450691223,0.6324153542518616,0.7148337364196777,0.000562898931093514,-0.0
264,-0.12536108493804932,0.3100772500038147,0.676953136920929,0.0005364582175388932,0.48221543431282043,0.5177845358848572,0.6959695816040039,0.7148337364196777,0.000562898931093514,-0.0
265,-0.12527531385421753,0.33737680315971375,0.716796875,0.0005511538474820554,0.5076737999916077,0.49232620000839233,0.6683138608932495,0.7148337364196777,0.000562898931093514,-0.0
266,-0.13397324085235596,0.35016655921936035,0.7626953125,0.0005432855687104166,0.49249643087387085,0.5075035691261292,0.7136626243591309,0.7148337364196777,0.000562898931093514,-0.0
267,-0.11429772526025772,0.27355411648750305,0.66796875,0.0005380312213674188,0.48379194736480713,0.5162080526351929,0.735683798789978,0.7148337364196777,0.000562898931093514,-0.0
268,-0.13161017000675201,0.34143897891044617,0.7470703125,0.0005510351620614529,0.5093395113945007,0.49066048860549927,0.7031444311141968,0.7148337364196777,0.000562898931093514,-0.0
269,-0.1315183937549591,0.36587995290756226,0.741406261920929,0.0005003683618269861,0.5255365371704102,0.47446346282958984,0.6984544992446899,0.7148337364196777,0.000562898931093514,-0.0
270,-0.1481861025094986,0.32884305715560913,0.728515625,0.0005026679718866944,0.4820302128791809,0.5179697871208191,0.7778435945510864,0.7148337364196777,0.000562898931093514,-0.0
271,-0.14263129234313965,0.33009132742881775,0.7021484375,0.0005317750619724393,0.5040797591209412,0.4959202706813812,0.7575685977935791,0.7148337364196777,0.000562898931093514,-0.0
272,-0.11583268642425537,0.3181198835372925,0.6982421875,0.0005222179461270571,0.5035799741744995,0.4964199960231781,0.8027648329734802,0.7148337364196777,0.000562898931093514,-0.0
273,-0.10962487012147903,0.36468082666397095,0.7138671875,0.0005679761525243521,0.5385320782661438,0.4614679217338562,0.7613877654075623,0.7148337364196777,0.000562898931093514,-0.0
274,-0.13074463605880737,0.3010059595108032,0.6884765625,0.0005307000246830285,0.4845498204231262,0.5154501795768738,0.9150524139404297,0.7148337364196777,0.000562898931093514,-0.0
275,-0.1079574003815651,0.36438754200935364,0.724414050579071,0.0005430906312540174,0.5390533208847046,0.4609466791152954,0.847506046295166,0.7148337364196777,0.000562898931093514,-0.0
276,-0.1258346140384674,0.3235466480255127,0.6845703125,0.0005014234338887036,0.4969818890094757,0.5030181407928467,0.9590970873832703,0.7148337364196777,0.000562898931093514,-0.0
277,-0.12144600600004196,0.3020494282245636,0.6693359613418579,0.000518147659022361,0.4892042875289917,0.5107956528663635,1.0227893590927124,0.7148337364196777,0.000562898931093514,-0.0
278,-0.14938905835151672,0.3090857267379761,0.6962890625,0.000540009350515902,0.4963860511779785,0.5036138892173767,1.064943552017212,0.7148337364196777,0.000562898931093514,-0.0
279,-0.10353289544582367,0.3214958608150482,0.6787109375,0.000505835167132318,0.5129249095916748,0.4870750606060028,1.0675880908966064,0.7148337364196777,0.000562898931093514,-0.0
280,-0.09370113164186478,0.3598810136318207,0.6943359375,0.0005230942042544484,0.5330746173858643,0.46692538261413574,1.0513150691986084,0.7148337364196777,0.000562898931093514,-0.0
281,-0.12827233970165253,0.3041030168533325,0.6337890625,0.0005388046847656369,0.48339617252349854,0.5166038274765015,1.12797212600708,0.7148337364196777,0.000562898931093514,-0.0
282,-0.15121181309223175,0.32426750659942627,0.648242175579071,0.0005134343518875539,0.5164636373519897,0.48353633284568787,1.1134462356567383,0.7148337364196777,0.000562898931093514,-0.0
283,-0.09664624184370041,0.3414619266986847,0.70703125,0.00048611173406243324,0.5208643078804016,0.4791356921195984,1.1229829788208008,0.7148337364196777,0.000562898931093514,-0.0
284,-0.09746409952640533,0.3200014531612396,0.711718738079071,0.00046059885062277317,0.4758036136627197,0.5241963863372803,1.182539939880371,0.7148337364196777,0.000562898931093514,-0.0
285,-0.12340187281370163,0.32346755266189575,0.6978515386581421,0.0005186296766623855,0.50343918800354,0.4965607821941376,1.1064561605453491,0.7148337364196777,0.000562898931093514,-0.0
286,-0.0583723708987236,0.2863679528236389,0.6708984375,0.0005121257854625583,0.46672603487968445,0.5332739353179932,1.145029067993164,0.7148337364196777,0.000562898931093514,-0.0
287,-0.1003994345664978,0.2643279731273651,0.6240234375,0.0005059507675468922,0.4749690890312195,0.5250308513641357,1.1802923679351807,0.7148337364196777,0.000562898931093514,-0.0
288,-0.07812534272670746,0.3310447931289673,0.6865234375,0.00048286758828908205,0.5254945158958435,0.4745055139064789,1.1215541362762451,0.7148337364196777,0.000562898931093514,-0.0
289,-0.1092519536614418,0.33625680208206177,0.685546875,0.0004966207197867334,0.5005875825881958,0.4994123876094818,1.166931390762329,0.7148337364196777,0.000562898931093514,-0.0
290,-0.12052159756422043,0.3137508034706116,0.649218738079071,0.0004939480568282306,0.5023022294044495,0.49769774079322815,1.1499335765838623,0.7148337364196777,0.000562898931093514,-0.0
291,-0.07756777852773666,0.3069152235984802,0.7124999761581421,0.0004922965308651328,0.47126954793930054,0.5287304520606995,1.1939817667007446,0.7148337364196777,0.000562898931093514,-0.0
292,-0.1182795912027359,0.34446293115615845,0.70703125,0.0005097378743812442,0.5140774250030518,0.48592254519462585,1.1518789529800415,0.7148337364196777,0.000562898931093514,-0.0
293,-0.1719978153705597,0.3289281129837036,0.6796875,0.0005212894175201654,0.5069724321365356,0.49302762746810913,1.1487183570861816,0.7148337364196777,0.000562898931093514,-0.0
294,-0.15371662378311157,0.3486844003200531,0.7109375,0.00046985974768176675,0.5212936997413635,0.4787063002586365,1.1217385530471802,0.7148337364196777,0.000562898931093514,-0.0
295,-0.1655818372964859,0.34742677211761475,0.7099609375,0.00046083590132184327,0.5142720937728882,0.4857279062271118,1.080640196800232,0.7148337364196777,0.000562898931093514,-0.0
296,-0.15213577449321747,0.32190850377082825,0.666015625,0.00047186133451759815,0.4973156750202179,0.5026842951774597,1.0739524364471436,0.7148337364196777,0.000562898931093514,-0.0
297,-0.13823308050632477,0.3007963299751282,0.638671875,0.0004839078173972666,0.4937872886657715,0.5062127113342285,1.055693507194519,0.7148337364196777,0.000562898931093514,-0.0
298,-0.15305547416210175,0.31456202268600464,0.6533203125,0.0005197785212658346,0.5094290375709534,0.49057090282440186,1.0104906558990479,0.7148337364196777,0.000562898931093514,-0.0
299,-0.20033782720565796,0.3576488494873047,0.7099609375,0.0005338980699889362,0.5162618160247803,0.4837381839752197,0.9625056982040405,0.7148337364196777,0.000562898931093514,-0.0
300,-0.22309286892414093,0.33287715911865234,0.69921875,0.0005131949437782168,0.5019234418869019,0.4980766177177429,0.9764351844787598,0.7148337364196777,0.000562898931093514,-0.0
